archive	bytes	sha256	cache_verified
bar-m1918-a2-game-ready-rigged.zip	70863822	9caf04300f74d596df141765efed3694fd76cc3a649bf5df8ac84e7b08b4252d	yes
double-barrel-shotgun.zip	24119011	9a3f47208bad03bcc043f95c85e2182fc12617deba1e7a79e4dbec9a5c8877b1	yes
kar98k.zip	58663229	8604472392fdd8907ca464c5df797970e60d4950dc040d86025faf1faa01c263	yes
m1-garand.zip	18377317	012356ba04572f408b9bda01828ba069bd45dd8e03dd41a37a86d20c0da57d35	yes
m1903-a3-springfield.zip	69119044	039714fcb8b0e04a837b79e767611d6a1b7eb6e70926aa4def9dd4ee035da90b	yes
mg42.zip	61490140	757587d5abf93f05cf455ca8c0a81589781d6cbc32b01b32c9b15f2c3579c664	yes
mosin-nagant-m91.zip	71064666	60283372e9a0e3b7f9c3d8bbecd97061929e22a500eaca548de1e32d9be8b965	yes
mp-40-ww2-submachine-gun.zip	52341412	9ef85ceaaaba2cadcf70de7d2be35557e064fe784f5743f697d1ad16597e5827	yes
ppsh-41.zip	100685372	d4be9557f9fbb68f89adb487e4fc8dfb849473421b7e7b050debb8482cc56690	yes
realistic-m1911-handgun-game-ready.zip	39101634	215f3e87102291940d9693c58a1fee7c4c7dd89dfbe48d098dbfa18d6900e7f7	yes
winchester-model-1897.zip	82184606	53661b71cc0593f5925bd576cbaf8d7d105c4f87578c07cb7932a9fe25c58b52	yes
zombie-soldier.zip	9024287	edee2f8ad0ac5e7d1bf603e85582aace815a5eaa94d9cec2f1369dc1edfb0d97	yes
zombie.zip	8766730	971ac79ce8e85079a88cc32773d7a6fbb7dab0719f03ae36a3bc6fb981af90b3	yes
thompson-submachine-gun.zip	14489213	8bda8874fd958a23be36b12044f7e519a5207b83d303e32ca0db47c6f1f4ecce	yes
revolver-357-magnum.zip	27304970	545c9e1c54d4cb0c3b6792b0e65a7c047ed9086e82c03df7e023df4cab0fb69d	yes
stg-44.zip	35191121	eeba684e8543f3277c6d5f5e098cf3684c7b10624206fe7d6c75235c7b9775ed	yes
diesel-punk-ussr-gun.zip	55360904	f0b9ff924dda191fde8970e965951bb6ca065f7f6f2ca7e58f45b2262dba7efd	yes
dieselpunk-signal-flare-pistol.zip	67854341	309e934b909a0d848a5cfae3f30cf9bb443133d2fa7a4237653e38c3ed6b5228	yes
fg42.zip	73502828	04b98a16a05fa5805470f0a91382872711eaa115b163c0e4e7821c0c413af20c	yes
m1-carbine.zip	95196256	62c08ff4a9118bdc6c962ae7db48af7274fd46523bbbe81941519f73ccd72c8f	yes
franchi-spas-12-shotgun.zip	12644157	aebd302925e16781af2165cf7116eab52cbc1c514d59ae8e4078c5b9b4db90d5	yes
animated-aks-74u.zip	44646197	54a101feb4f25ca9d973444e6d1d0418f59c1ebd44784f219256ae377132a136	yes
m14-rifle.zip	80281897	9dc9636aaad766abba1af54b48a961ff4bea54561b19de94ea25f62292724668	yes
colt-xm177e1-game-asset.zip	9299365	831540fb89df293e5d2464929123ee6b2bb7fc2a96b98b2c906e9bcf89ffef9a	yes
ithaca-37.zip	9321294	21ff80b63ef48a31abb71a502cf6566ef967f6fffb62021183c28417748fec73	yes
fn-fal.zip	9538779	860051b85afcf1bb8110761f0c4eee27455094e6f0f6762e12234f1688a2cd72	yes
mp5k.zip	7143701	a5462c112040e6ac1bcd593d2baae0adbc7da067bbd3cbba678c1156577c9745	yes
rpk74m.zip	7475554	554cd49eb87cd9ffa2caa15642a703e529081337d4c78485814a2e2b447eb429	yes
rpg-7-free-model.zip	24851627	1902779801600e3f429f5adde2b77a43d6d74493f163500490bdc2475f9cfcea	yes
gameready-colt-python-revolver.zip	26813870	14ad3721367d7087c8e89b9545dac09f72d7f90467173712c2316822a6f21c2f	yes
vz61-skorpion.zip	35441658	95578be5dabcb8fb82f2839aea21af003f7221b8489bde35a79029f1e7399077	yes
